t,vEgo,aEgo,roll,targetLateralAcceleration,steerCommand
0.0,32.904544830322266,-0.0190834775567054,0.0075256753508068,-0.0817178828025332,-0.03380315952606693
0.099999999999909,32.923229281813406,0.0968290860513108,0.0072044481984545,-0.1079004784872691,-0.03321395985531575
0.1999999999998181,32.923343776724835,0.1011706042293576,0.0068832210461023,-0.1092189947498182,-0.038593370485482496
0.2999999999997271,32.9056553456189,-0.083765518868668,0.0067592073183732,-0.1115890896495017,-0.041708552645427846
0.3999999999996362,32.907991572369816,-0.0348700044178019,0.0072374783837945,-0.0966054250597884,-0.04821756918381171
0.4999999999995452,32.90466553182856,-0.0116548640883997,0.0077157494492158,-0.0859605202539269,-0.05526742553894578
0.5999999999994543,32.9037928397837,0.0180507406449266,0.0078735872580001,-0.0719591991694569,-0.05651615914857519
0.6999999999993634,32.89715583705138,-0.0633392064828864,0.0079233498870624,-0.0579913311767315,-0.054588936813197195
0.7999999999992724,32.912020240202615,0.0857966488268442,0.0080109589452547,-0.0547030932350353,-0.050707465707064504
0.8999999999991815,32.908548959217086,0.0500184453895522,0.00822008469638,-0.0563514896558124,-0.04871723844255611
0.9999999999990904,32.90732691756893,0.0003702522058717,0.0084292104475054,-0.0617348542118406,-0.05875884324327197
1.0999999999989996,32.9153659163442,0.0319002753680665,0.0085225543771717,-0.0646113576373062,-0.06021818372683436
1.1999999999989086,32.92944840698091,0.1117246711432966,0.0085794561316982,-0.0447838997349922,-0.060119407919800895
1.2999999999988177,32.91815572340384,-0.0401286292650973,0.0085264423091605,-0.0425372915153786,-0.06515330673958176
1.3999999999987267,32.92541597405425,-0.0166220106281701,0.0081513524236064,-0.0463864356277882,-0.06513019165606776
1.4999999999986358,32.92649430796631,0.0105210665033725,0.0077762625380522,-0.040411836252437,-0.07583061594957506
1.5999999999985448,32.92084314052675,-0.0335462597140743,0.0078398773396287,-0.0398487042102578,-0.08216535485995805
1.699999999998454,32.92166133669214,-0.0119022874656631,0.0080525580614856,-0.0172305607709331,-0.10295342813096242
1.799999999998363,32.93331552124652,0.073739296864652,0.0080463508385937,-0.0050828873450813,-0.10178444778605023
1.899999999998272,32.93027003076558,0.0336588395605248,0.0073650735799175,0.0282247168927368,-0.10245261203277606
1.999999999998181,32.92742825020636,-0.0461874740647367,0.0066837963212413,0.0192757848608612,-0.14698889197613077
2.09999999999809,32.94087245247561,0.0563647051075274,0.0063820989710307,0.0176659929304933,-0.20705589025053842
2.199999999997999,32.9414786870238,0.0455831124574866,0.006205971778911,0.1021336923919227,-0.20889835471621318
2.299999999997908,32.93001648750383,-0.0636117969886216,0.0059287152510679,0.2169923808250176,-0.2098985710223973
2.399999999997817,32.93789609866906,-0.0003033119836252,0.0053580421997766,0.2151121932093433,-0.20741902778157964
2.4999999999977263,32.94845282861895,0.1369003219658955,0.0047873691484854,0.211595114539708,-0.18583010439288308
2.5999999999976358,32.93546986113325,0.0016165739283188,0.0042775793352556,0.2015650177467775,-0.17790026581690194
2.6999999999975444,32.93777870552668,-0.0184365213255419,0.0037887035281181,0.1542643271972546,-0.1683847431495417
2.7999999999974534,32.943603398140304,0.019893966052661,0.003535128795427,0.1362719237667983,-0.16680115209320717
2.8999999999973625,32.94332345262972,0.0454479443629208,0.004092908219376,0.1231211014188788,-0.16963834856697663
2.9999999999972715,32.918670808273376,-0.1788972572716135,0.004650687643325,0.125309943807022,-0.17416223987876497
3.099999999997181,32.92566421572684,-0.0470190198917019,0.0052098611158448,0.1363911567364387,-0.1655347792699362
3.1999999999970896,32.92439817049562,0.0236457069670815,0.005769504079153,0.150716724741609,-0.14867658475179166
3.2999999999969987,32.91510563165423,-0.015569142369427,0.0063225510763392,0.13921157225702,-0.13545240540476106
3.399999999996908,32.90613513819752,-0.0890999126209784,0.0068526060012659,0.1115187280057194,-0.09891391443220664
3.4999999999968168,32.91797819808995,0.0346042029097332,0.0073826609261926,0.0911320571698452,-0.09774413768998687
3.599999999996726,32.90193703160749,-0.0795530075845499,0.0075750026845931,0.022374684572462,-0.0901341300955578
3.699999999996635,32.9015630286909,-0.0713676441697362,0.0076554494422855,0.0209109020273732,-0.08775691948832999
3.799999999996544,32.90224537127006,-0.0365518432929071,0.0077871752318739,0.0075695870737705,-0.08258433409261959
3.899999999996453,32.90747417628784,0.0310038843837487,0.0080677654410462,0.0057738721000171,-0.08135111090143925
3.999999999996362,32.90031091178169,-0.0321853690870666,0.0083483556502185,-0.0014381897985558,-0.08274689386755325
4.099999999996271,32.91168148060218,0.0493740481670208,0.0087816081393031,0.0004856498247657,-0.08610139571066854
4.19999999999618,32.90391788318789,0.0064331660940368,0.0092647744607341,0.007877168075463,-0.08826395083621004
4.299999999996089,32.89622956552483,-0.076473234297005,0.0095932244248677,0.0175129019090486,-0.08728971932800755
4.399999999995998,32.90041978173879,-0.0230025969638275,0.0094558831063121,0.0203371552771406,-0.08583541969002571
4.499999999995907,32.90901593045747,0.0550516871674485,0.0093185417877566,0.0171517148511699,-0.08664059622617025
4.599999999995816,32.90765690652539,0.0352555396217114,0.0090659626873575,0.0118740622285123,-0.08654977704326788
4.699999999995725,32.90633944810907,-0.0274548470564191,0.0087761143947229,0.0105727778176805,-0.08355766255768843
4.799999999995634,32.91905603390313,0.1101542686690942,0.0087390131193585,0.0100840228097156,-0.08413825805330381
4.899999999995544,32.90927996535053,0.0068617338647646,0.0094584976305583,0.0113548919362863,-0.08710393346539845
4.9999999999954525,32.90711894609951,-0.0249774193162808,0.010177982141758,0.0195198126506373,-0.08750074597360337
5.099999999995362,32.90585665443942,-0.0366170091272587,0.0105752805894291,0.0291102325841879,-0.0864667790632444
5.199999999995271,32.909111537081536,0.0261188530009507,0.0108680085152753,0.0327571545671494,-0.08589416534969682
5.29999999999518,32.89366397616147,-0.0985611472865757,0.0109208700349903,0.03122830820716,-0.08635658991600664
5.399999999995089,32.900313008409846,-0.0250595639703272,0.010228996201508,0.023367278114526,-0.08823027985266908
5.499999999994998,32.90383785729805,0.039372214145279,0.0095371223680258,0.0174824684720472,-0.08994922719344742
5.599999999994907,32.89499045698622,-0.0135803905150056,0.0087057627837959,0.0128924325591027,-0.09009002894428937
5.699999999994816,32.88679405975661,-0.056178075249359,0.0078276975207158,0.0075488665000126,-0.09047237725457616
5.799999999994725,32.89375506681575,0.0078345905085832,0.0071979537942793,0.0016701497930294,-0.08171734475521807
5.899999999994634,32.898613402836865,0.0495591334669165,0.0073111420135889,0.0035352098963546,-0.07751569728537686
5.999999999994543,32.90003858150667,0.0093727664837694,0.0074243302328985,-0.0121683803402257,-0.07887659483355426
6.099999999994452,32.90761246456025,0.0219125475873957,0.0075854394451958,-0.0186268264276899,-0.07785705839666378
6.199999999994361,32.91204408974821,0.0369302246547379,0.007761958419716,-0.0142670921200491,-0.07540341702528118
6.29999999999427,32.903671260004096,-0.0282679628065948,0.0081271960153021,-0.0126709694345194,-0.07894252925210166
6.399999999994179,32.89716531410398,-0.0497708328723015,0.0090468544695536,-0.0083802482613833,-0.0774163957327932
6.499999999994088,32.896226498367064,0.0019863358677792,0.0099665129238051,0.0074289827107295,-0.0700401479631244
6.599999999993997,32.89290148643173,-0.0054746324822632,0.0106535367958572,0.0112279660486004,-0.06939982160059711
6.699999999993906,32.892612696192735,-0.0240119182576186,0.0112653459391102,0.0030814047066901,-0.05651206703589675
6.799999999993815,32.89334748748817,-0.0186525738238514,0.0118502368597568,0.0075935485383968,-0.041554384940045846
6.8999999999937245,32.892125383259845,0.0037305219791611,0.0123449710425848,-0.0122471207303813,-0.03699828396387471
6.9999999999936335,32.88140606157057,-0.0767555447859267,0.0128397052254127,-0.0360356166400269,-0.032899431891400044
7.099999999993543,32.88201844023171,-0.0115236412073521,0.0135197209353293,-0.0380742648737825,-0.013777306519252805
7.199999999993452,32.87621198947363,-0.0152952554540746,0.0142634459557846,-0.0386217143936249,-0.009670086003372597
7.299999999993361,32.87831490970164,0.0069230911171293,0.0148267772703002,-0.0696197005437306,-0.012424849328520275
7.39999999999327,32.883306629448846,0.0120557895308821,0.014854251473733,-0.077190990058491,-0.017211013143966256
7.499999999993179,32.90396663215497,0.1560431532990095,0.0148817256771658,-0.0716490530738919,-0.01902324503809371
7.599999999993088,32.88794414240391,-0.0512735867288025,0.0145302833674402,-0.0659631991521322,-0.02291712572423654
7.699999999992997,32.883957751489206,-0.0762182914596644,0.0140495107460225,-0.0672206702664638,-0.02224458582363749
7.799999999992906,32.867147099347335,-0.1273560962246861,0.0137082868312878,-0.0631468012168085,-0.03643024537428446
7.899999999992815,32.852625899365734,-0.1139903791949584,0.0137724341760693,-0.0638163605665412,-0.04298878729356819
7.999999999992724,32.84906883207273,-0.0538945600552943,0.0138365815208507,-0.0361059035818789,-0.054657490026541265
8.099999999992633,32.864709167730524,0.0707772327379294,0.0133963546397905,-0.0278649366022067,-0.05752429012258021
8.199999999992542,32.876580384184294,0.1067202387236554,0.01279458636508,-0.0114255078350122,-0.054802997121375305
8.299999999992451,32.883963397463205,0.0517073528223547,0.0121777185844578,-0.0119707783201249,-0.05120440775873025
8.39999999999236,32.88149339375341,-0.0162704033362056,0.0115160713646816,-0.0236762478257862,-0.045398133604473215
8.49999999999227,32.87827315147395,-0.0306494538569996,0.0108544241449055,-0.0370601986918484,-0.04609082426792917
8.599999999992178,32.87012415201886,-0.0566962942562289,0.0118795670069056,-0.0381267350285152,-0.045375667578254404
8.699999999992087,32.871717754523324,-0.0020768951359972,0.0134604732334184,-0.0212915495242668,-0.04869657773877631
8.799999999991996,32.87013685196367,0.0186529045208476,0.0144902737286725,-0.0125608639612976,-0.05930623774628687
8.899999999991905,32.87940782838127,0.0635546925084701,0.013927057889611,-0.0117149134385592,-0.0580538235934044
8.999999999991815,32.88747049397413,0.0753128401885202,0.0133638420505495,0.0030851648603889,-0.06328448172596939
9.099999999991724,32.885196878882915,0.0032063493944512,0.012468640514095,-0.0081000565378662,-0.06236852746581802
9.199999999991633,32.884825566871854,0.0066898081303906,0.01146315927832,-0.0079473859207906,-0.08334966771495791
9.299999999991542,32.8688410495166,-0.1137087882035686,0.0106511851784809,-0.0177116712786798,-0.10002073514282336
9.39999999999145,32.867809501663515,-0.0311789202497581,0.0103949572570319,0.0199855208471263,-0.14111238048996347
9.49999999999136,32.86453155201454,-0.0110635628097,0.010138729335583,0.0494850448150357,-0.17385979747381536
9.599999999991269,32.87215934653232,0.0453994072099223,0.0103850375306875,0.1312657694118159,-0.1819405524328588
9.699999999991178,32.868516780923095,-0.0183589443174349,0.0108004725229651,0.1990305629834103,-0.18668848521319545
9.799999999991089,32.86948548692234,-0.0116940795326385,0.0109889545124899,0.2166915625701186,-0.1849977266585645
9.899999999990996,32.86282991701358,-0.0421083663149001,0.0104908638288225,0.2210509546197629,-0.18501877365205216
9.999999999990903,32.85863502242776,-0.0526025496189743,0.0099927731451552,0.2128155394932903,
10.099999999990814,32.85869498595949,-0.0165579815173536,0.0095327519603347,0.208344692912074,
10.199999999990723,32.8623475318883,0.0105572588327464,0.0090849383215588,0.200204671587414,
10.299999999990632,32.86408597445865,0.0213134988689289,0.0087008849156219,0.1955728158850756,
10.39999999999054,32.86894395342889,0.0327550628549807,0.0085022765777332,0.2002575367164514,
10.49999999999045,32.86482627211038,-0.0182701887424872,0.0083036682398444,0.1759757879869957,
10.59999999999036,32.86648342503569,-0.0267938277094961,0.0082094732706192,0.1475356754421254,
10.699999999990268,32.863073565928886,-0.0263572132948449,0.0081499882595045,0.1449556521397567,
10.799999999990176,32.855997935930844,-0.0607812363785428,0.0080780006938739,0.1421942269476833,
10.899999999990088,32.859552660615066,-0.0002384593488531,0.007968450278583,0.111235258971045,
10.999999999989996,32.870380592295426,0.0717338831787052,0.007858899863292,0.0345393210897561,
11.099999999989905,32.86229114591189,0.0068758962448055,0.007257759041665,0.0374746301976265,
11.199999999989814,32.86048494473443,-0.0178919874198614,0.0064873670063673,0.0228210553633008,
11.299999999989724,32.853470520374856,-0.0522984202337016,0.0060653112086011,-0.0393879347168303,
11.399999999989632,32.84222248457448,-0.0723445370785214,0.0066661127117672,-0.0548195813811836,
11.49999999998954,32.82550341092719,-0.1184803895712719,0.0072669142149332,-0.0380517323989697,
11.59999999998945,32.81543829611379,-0.1269836545380399,0.0078457760002414,-0.0246429510322754,
11.69999999998936,32.83288231903476,0.0880328494258459,0.0084169175371751,-0.0122721351522947,
11.799999999989268,32.833795904872886,0.0619744000555439,0.0088854306347351,-0.0074343547882541,
11.899999999989175,32.82802169886016,-0.0019565861683597,0.0090490865051839,-0.0020780415429068,
11.999999999989086,32.81381488855968,-0.0953139491775027,0.0092127423756328,0.0060657866675932,
12.099999999988995,32.81088525127358,-0.0877872043227361,0.0091059791623219,0.0065405380890984,
12.199999999988904,32.803855005249225,-0.0882860805949141,0.0089129540519499,-0.0082052421434451,
12.299999999988811,32.807734039319584,-0.0324583735850372,0.0087548106214176,-0.0140704092107045,
12.399999999988722,32.804831870113176,-0.0153507963105158,0.0086986864646984,-0.0308945243846845,
12.499999999988631,32.79330022741475,-0.0728488271301137,0.0086425623079791,-0.0377485715283935,
12.59999999998854,32.787874291230814,-0.0583471105106307,0.0086938720054093,-0.0441148881152733,
12.69999999998845,32.784335763993205,-0.0353457709429111,0.0087801827683771,-0.0392246035556796,
12.799999999988358,32.773369765815644,-0.0834642945600337,0.0088116311444408,-0.04812440404757,
12.899999999988268,32.78230717640503,-0.0120404659096148,0.0086761960034575,-0.0492271240381972,
12.999999999988177,32.78672211074189,0.0210188168788764,0.0085407608624742,-0.0529142394056603,
13.099999999988086,32.782177985532286,-0.028751877244542,0.0090056865281212,-0.0456649062476591,
13.199999999987996,32.77911286358693,-0.0370818599246411,0.0096665239499374,-0.0380452798514843,
13.299999999987904,32.785188722311425,0.0228791780120466,0.0103838019012622,-0.0161136183067087,
13.399999999987813,32.776928781076066,0.0058368032539815,0.0112722987181964,-0.014078979671604,
13.499999999987722,32.772621182702515,-0.04342193566082,0.0121607955351306,0.0093881145511396,
13.59999999998763,32.77344091583249,-0.0243232601929982,0.0127817123453754,0.0716397686256769,
13.69999999998754,32.76746216909567,-0.0478501905098878,0.0133087707049128,0.082010443852708,
13.799999999987447,32.755263830492275,-0.0695217333491863,0.0136454281762732,0.0785623071909069,
13.899999999987358,32.757927950569616,-0.0386262557601789,0.0134069937896547,0.0694893352887099,
13.999999999987269,32.78005861083443,0.1718772296382499,0.0131685594030362,0.0592060919030577,
14.099999999987176,32.77434728737734,0.0587486475021496,0.0131650929558162,0.0724860503857818,
14.199999999987083,32.77490198925847,0.0196384296652715,0.0132406224150005,0.0663749062127239,
14.299999999986994,32.77688387057296,-0.0028337381907153,0.0133004785835671,0.0769173049599431,
14.399999999986903,32.78668234449857,0.0862180330026224,0.0133151821783276,0.0938117752736875,
14.499999999986812,32.777702342262515,-0.0474351880534014,0.0133298857730881,0.0977709863895495,
14.59999999998672,32.78665046708826,0.0174608848275539,0.0132228684456215,0.1434479964394072,
14.69999999998663,32.79337593534124,0.0802547372677823,0.0130755488165965,0.1479702783150215,
14.79999999998654,32.789486128490935,0.0329467556861449,0.013080000806852,0.1493816209132535,
14.899999999986449,32.79071604182656,0.0141863034055384,0.0135428101488091,0.1631551596840067,
14.999999999986358,32.80191141246032,0.0746950815363969,0.0140056194907661,0.1694003832623787,
15.099999999986268,32.79084754823588,-0.0491747666242503,0.0144970845360513,0.1730214767806854,
15.199999999986176,32.79060432471336,-0.0620065346170832,0.0149983656465432,0.1339747445827468,
15.299999999986085,32.7933456103717,-0.0124090390950811,0.01540318318523,0.136161855341094,
15.399999999985994,32.80339232417821,0.0638451414805196,0.0155293816759764,0.0310531881974628,
15.499999999985905,32.815826550661754,0.086116044065638,0.0156555801667228,-0.0864371215415632,
15.599999999985812,32.83707070530961,0.1590284804831679,0.0152357637108496,-0.1276697518852061,
15.69999999998572,32.835693942886245,0.0798419665106738,0.0146293818918291,-0.1539500204117184,
15.79999999998563,32.83189627852026,-0.0325144343835547,0.0141738532028054,-0.1833542827383153,
15.89999999998554,32.83978108031628,0.0297872311805031,0.0142031988465133,-0.1849157502206866,
15.999999999985448,32.843633446133026,0.0456365064196102,0.0142325444902213,-0.1810930352868997,
16.099999999985357,32.8420508301919,0.0135265396465753,0.0138069136790062,-0.2015579209309645,
16.199999999985266,32.85514023327448,0.0659522162985346,0.0132276330624523,-0.1961916086760569,
16.299999999985175,32.869187993366914,0.1520448813721319,0.0128053666083543,-0.2018801426736245,
16.399999999985084,32.86859937819134,0.0682359229141141,0.0128624563369159,-0.1993693738828212,
16.499999999984993,32.869131943385874,0.0063386246609351,0.0129195460654776,-0.2256564803412335,
16.599999999984902,32.86743531534227,-0.0215881359710185,0.0136582975236174,-0.2206875068197691,
16.69999999998481,32.866978238967384,0.0177896543154948,0.0146150940605246,-0.2033920457126136,
16.79999999998472,32.84889804953797,-0.1233082728235135,0.0154948301096191,-0.1865712402323367,
16.89999999998463,32.86440541810514,0.0329003744020272,0.0161198694675519,-0.1667518694836361,
16.99999999998454,32.88214944958819,0.1605779409385805,0.0167449088254847,-0.1606684997876548,
17.099999999984448,32.88720164379328,0.1233360192177721,0.0174095099067311,-0.1613421285399885,
17.199999999984357,32.88948212168052,0.0245715627820905,0.0180870108104701,-0.1583127572192039,
17.299999999984266,32.900105507642834,0.0610236860232388,0.0187893353873696,-0.1254983936150021,
17.399999999984175,32.88489679328188,-0.0640994594681743,0.019562135024074,-0.1036460024693654,
17.499999999984084,32.86968959037333,-0.1467827293783785,0.0203349346607785,-0.0893611298532782,
17.599999999983993,32.86848079869654,-0.0796773556927423,0.0205180097316152,-0.0768296369652422,
17.699999999983902,32.88386497846349,0.0884815026311555,0.020496629479975,-0.0497226939866748,
17.79999999998381,32.88130519852563,0.0168477173138128,0.0203450793071837,-0.0259863641750776,
17.89999999998372,32.900977642679855,0.1120034855484422,0.0198132762755382,-0.0078910338485041,
17.99999999998363,32.900123089152935,0.0750873203469633,0.0192814732438927,0.0002115640324288,
18.099999999983535,32.89647933493179,-0.0102289203867486,0.0186338165970851,0.0972616792353017,
18.199999999983447,32.895986883820335,-0.0336915967415722,0.0179478022535679,0.1948839815391855,
18.29999999998336,32.91074970425449,0.0842617226603193,0.0172787834844413,0.188925370104225,
18.399999999983265,32.90832953634996,0.0567486087925462,0.0166605828563474,0.1815597220427895,
18.49999999998317,32.90301356444328,-0.0580790812404469,0.0160423822282534,0.174933491311698,
18.599999999983083,32.92399050474507,0.1546256094565865,0.0161456277345677,0.1675824733057782,
18.699999999982992,32.91343431696327,0.0421456986033489,0.016485138063165,0.1601860851690709,
18.7999999999829,32.902681372561155,-0.052388553859368,0.0169499326111943,0.1699028397993729,
18.89999999998281,32.89938792968055,-0.0772087188933654,0.0177757145152433,0.2019149557081241,
18.99999999998272,32.90306337482237,0.0145022257741341,0.0186014964192923,0.2053131786134478,
19.09999999998263,32.88433704775441,-0.1208538133350969,0.018702369474759,0.2053100524482277,
19.199999999982538,32.892622572771344,-0.0273133362102607,0.0185655173010496,0.2028304224399204,
19.299999999982447,32.90571878969523,0.0901425883639883,0.0183706707236157,0.2007353928075779,
19.39999999998236,32.91677838931141,0.1486940008528159,0.0180059199640137,0.1519717437500793,
19.499999999982265,32.90713925215311,-0.0190597342861661,0.0176411692044118,0.1422044964985446,
19.59999999998217,32.92272721500122,0.0734804606515368,0.0177102709620045,0.1140820534210414,
19.699999999982083,32.91692216026507,0.021975068218941,0.0179164586565891,0.0495879302545523,
19.799999999981992,32.90860013016918,-0.0801373089748546,0.0180531239062163,0.0340021828786391,
19.8999999999819,32.90568710349221,-0.0801743203916792,0.0179792344493191,-0.0152533640055774,
19.99999999998181,32.91930618655505,0.0724256668391218,0.0179053449924219,-0.0491784174233114,
20.09999999998172,32.91894662366935,0.0336173142475851,0.0178603923214019,-0.0745839640579111,
20.199999999981628,32.931679484926335,0.0551883310036827,0.0178248809458521,-0.0805238693917381,
20.299999999981537,32.928629875176384,0.0161593838758707,0.0177884994363665,-0.0793066450673056,
20.399999999981446,32.923771884925884,-0.0177187249385923,0.0177495934739733,-0.0913803776297454,
20.499999999981355,32.906598997284405,-0.1195827953664738,0.0177106875115801,-0.0833407839909922,
20.599999999981264,32.91129011123019,-0.026076908916698,0.0174479995183472,-0.0714002949124305,
20.699999999981173,32.91390599865415,0.0222030702697417,0.0171089146603247,-0.0615268156223948,
20.799999999981083,32.91134822145699,-0.0169808541703076,0.0168549867742028,-0.0669069881156174,
20.89999999998099,32.91227335732941,0.0014975231492419,0.0168538787811048,-0.0866242108169249,
20.9999999999809,32.90832244174365,-0.0164908129405987,0.0168527707880069,-0.0833937648639458,
21.09999999998081,32.899543037131004,-0.0479692479535578,0.0175449327008706,-0.0768858088816633,
21.19999999998072,32.89256556820927,-0.081182783961314,0.0184675848775215,-0.0701164102108661,
21.299999999980628,32.904203531414666,0.053303919365982,0.0192072310404429,-0.0637385541195852,
21.399999999980537,32.89977232634549,-0.006655140244512,0.0194116396696198,-0.0687939708739847,
21.49999999998045,32.905253086570205,0.0117315768277372,0.0196160482987967,-0.0682763720944341,
21.599999999980355,32.903456175291254,-0.0204017371440262,0.0192573390959329,-0.0655887131064839,
21.699999999980264,32.901443417369315,0.0046393656354083,0.0187100471954302,-0.0723095894511863,
21.799999999980173,32.88203094830586,-0.1218271978728862,0.018303461428126,-0.0746596117088965,
21.89999999998008,32.883862885509195,-0.0717335204215426,0.0183000632523544,-0.0814042816110457,
21.99999999997999,32.880367013259914,-0.0573284737407588,0.0182966650765827,-0.073113529531811,
22.0999999999799,32.88120861844864,-0.0048073908309808,0.0192043641400041,-0.059903467439091,
22.19999999997981,32.866179105609575,-0.0974964771571047,0.0204001367049884,-0.0513008260418911,
22.29999999997972,32.87576110263835,-0.0057846427974553,0.0210960060091596,-0.0415623333880672,
22.399999999979627,32.88468676358061,0.0423024847085744,0.0203630287990095,-0.0345000895813587,
22.499999999979536,32.88243706549396,-0.0040338044465333,0.0196300515888593,-0.0498591525470022,
22.599999999979445,32.87413814473575,-0.0726777559644308,0.0195551167421441,-0.0751477239286711,
22.699999999979354,32.87246032549936,-0.0477304719088534,0.0196977941646013,-0.0622862291692133,
22.799999999979264,32.85889430487118,-0.0702473352744956,0.0197947484046609,0.0323048541048801,
22.899999999979173,32.84569097975151,-0.1117175504131128,0.0197554570692211,0.1084063924658845,
22.99999999997908,32.85276383599517,-0.0025643042418654,0.0197161657337813,0.1138948556284624,
23.09999999997899,32.864815310100184,0.0917028246812308,0.0188403192722016,0.1294532277806826,
23.1999999999789,32.85653555552126,-0.008908624183249,0.0176890451043106,0.1947558920874566,
23.29999999997881,32.8512708209889,-0.0781353056846464,0.0170239595571428,0.1808506605414482,
23.39999999997872,32.85408106208384,0.0128665499430675,0.0177714166779417,0.1953023093672606,
23.499999999978627,32.84898497096272,0.012745787866348,0.0185188737987407,0.277031819749902,
23.599999999978536,32.846188422885696,-0.0110585255640681,0.0189815792054329,0.2903381637671393,
23.699999999978445,32.860528887237564,0.0614889548490245,0.0193514570437283,0.2946454861015996,
23.799999999978358,32.872700598429056,0.1411597507411639,0.0194852278978047,0.2950306586991749,
23.899999999978263,32.86508945832215,-0.0180751369402307,0.0188729268492545,0.2842630537927313,
23.99999999997817,32.8728007627786,0.0030366440322751,0.0182606258007042,0.2608540350398515,
24.09999999997808,32.87122408188365,-0.0076492830076283,0.0181879438905477,0.2577274542127996,
24.19999999997799,32.86295669935472,-0.0425242562297173,0.0182875928279247,0.2502030143840741,
24.2999999999779,32.85563686036256,-0.0917773176626437,0.0183519484964278,0.2257000192380693,
24.39999999997781,32.866532269116014,0.0394442276468129,0.0183119033442146,0.2033558635347457,
24.49999999997772,32.85563640766182,-0.0335526923604742,0.0182718581920013,0.0924902199148663,
24.599999999977623,32.856900908441574,-0.0467656274644883,0.0179635707410895,0.0629005391138766,
24.699999999977532,32.85722739767959,-0.0306682734150956,0.0175599754316915,0.0498743088810582,
24.799999999977445,32.84988951647469,-0.0462118155914608,0.0173328746864805,0.0422386780174219,
24.899999999977357,32.83569068878962,-0.1146018919993918,0.0176189619255486,0.0340692892209475,
24.999999999977263,32.84865516263829,0.0319137363860617,0.0179050491646168,0.0345765517595835,
25.09999999997717,32.85580341763984,0.1204769422146587,0.017911700119563,0.0266824275322202,
25.19999999997708,32.84800023240587,0.0051828129038213,0.0178258032215124,0.0241737911836722,
25.29999999997699,32.85293101411941,0.0095852947659788,0.0177772521118582,0.0120333134960383,
25.3999999999769,32.8611594683134,0.0611815622624685,0.0178393719774196,-0.0013542207734152,
25.499999999976808,32.85037989790185,-0.01593592073666,0.017901491842981,-0.0076830024775402,
25.59999999997672,32.84437800219349,-0.0794185337611327,0.0180450257401113,0.0101808278910201,
25.699999999976622,32.85656606514704,0.0572074205412353,0.0182155380060257,0.0118703573267855,
25.79999999997653,32.85795351333732,0.065683769025349,0.0182740102545802,-0.0666100765783789,
25.899999999976444,32.850719998216114,-0.0098732791552199,0.0179562480250532,-0.0909789822541808,
25.999999999976357,32.855909538829486,0.0055638862760966,0.0176384857955262,-0.1015562112918587,
26.099999999976266,32.85734907876947,0.0387101829694077,0.0176594298934411,-0.1094384351725911,
26.19999999997617,32.84257066828167,-0.0831784886640895,0.0177881210639569,-0.1011025208072701,
26.29999999997608,32.84329457446317,-0.0525663507093701,0.0178131232560567,-0.0996757241686712,
26.39999999997599,32.84564627297933,-0.0092442570302217,0.017539059748103,-0.1799669037299646,
26.4999999999759,32.850560034024255,0.0373033365795395,0.0172649962401494,-0.2093540616277362,
26.599999999975807,32.84367543529614,-0.0531333277044933,0.0165829543211622,-0.2085054665293359,
26.69999999997572,32.85577504427613,0.0666811861357522,0.0157616261890005,-0.2141838654135038,
26.799999999975626,32.84281203386804,-0.0274636956682569,0.0150304869932938,-0.2178196930231176,
26.89999999997553,32.83845655906454,-0.0833829895459408,0.0145735080963711,-0.2183963170822612,
26.999999999975444,32.839899127780704,-0.0402925223498485,0.0141165291994484,-0.2148782634137234,
27.099999999975356,32.82893782302331,-0.0787271170107941,0.013765226735623,-0.1770029878857001,
27.19999999997526,32.81507679527058,-0.1180292536788822,0.0134529773174414,-0.1554449455002805,
27.29999999997517,32.822062351495646,-0.0161929869673781,0.013091459341566,-0.163686330487451,
27.39999999997508,32.82356311477795,0.0464359961228536,0.012579589898307,-0.1714140590688139,
27.49999999997499,32.81456780727259,-0.0199396606180128,0.012067720455048,-0.1575953055055665,
27.599999999974894,32.8085400277129,-0.0554919981370078,0.0122178667334211,-0.1392568313026796,
27.699999999974807,32.81201849758729,0.0142940957167528,0.012586274509008,-0.0363010577551509,
27.79999999997472,32.80487974589448,-0.013202763361352,0.012872561910474,0.0693939190117121,
27.899999999974625,32.79549111866896,-0.090815330457535,0.0129078924292218,0.0899207306083859,
27.99999999997453,32.806699178542466,0.0434569728116476,0.0129432229479696,0.1199612779357869,
28.099999999974443,32.804700707996126,0.0245024107509846,0.01269391856892,0.1370697917747774,
28.199999999974352,32.8051022762079,0.0273336083382495,0.0123536929006856,0.1289655791160604,
28.29999999997426,32.80597023635251,0.0049351537408724,0.0121098267170749,0.1248103078268669,
28.39999999997417,32.81182281898272,0.0549908254641963,0.0121572668410157,0.1283847989531493,
28.49999999997408,32.79951180656043,-0.0581606683504161,0.0122047069649566,0.133833123953833,
28.59999999997399,32.80122983825135,-0.0457616464584613,0.0120229059563589,0.1366096867320121,
28.699999999973898,32.80298174889488,-0.014242463965624,0.0117612112232865,0.1328083312970014,
28.799999999973807,32.80807507946117,0.0454253442362438,0.0116147656774808,0.125209465647119,
28.89999999997372,32.79774474126971,-0.0654525764761022,0.0118116715242691,0.122406233697908,
28.999999999973625,32.80687435218076,0.0179391418438786,0.0120085773710574,0.1239713190286248,
29.099999999973534,32.79801524456529,-0.0197430290063545,0.0115045040866393,0.1252465521337556,
29.199999999973443,32.79488055645945,-0.0559972080552192,0.0107597834318798,0.1156590104098643,
29.299999999973352,32.79762938220227,-0.025198626074145,0.0101615004812133,0.0970715855875016,
29.39999999997326,32.7964726683048,-0.018416327390306,0.0099956654306643,0.0822681898307821,
29.49999999997317,32.78716976059136,-0.0549491095738961,0.0098298303801153,0.0763712987476302,
29.59999999997308,32.794648338603544,0.0041157231048802,0.0098534952118212,0.0926133107267989,
29.699999999972988,32.804701811708874,0.1229752241736816,0.0099384357229894,0.1074415732661222,
29.799999999972897,32.806877668680784,0.0883704904549538,0.010077682568336,0.1020954368080846,
29.89999999997281,32.81099230435375,0.0458456620414515,0.0103778170456636,0.0870988345452328,
29.999999999972715,32.8255555653089,0.1014009657101689,0.0106779515229913,0.0868149726129586,
30.099999999972624,32.8224412214656,0.0494364609221001,0.0103271969372642,0.0900669171641552,
30.199999999972533,32.807686937238834,-0.1035378613077305,0.0097668660126577,0.0687988350888385,
30.29999999997244,32.82121690196403,0.0226998689717173,0.0090496537305057,0.0607929388864473,
30.39999999997235,32.83571840298392,0.1218967877206362,0.0078749118779925,0.0509730750082219,
30.49999999997226,32.84414056145062,0.1657599177108985,0.0067001700254794,0.0233040012500159,
30.59999999997217,32.83542332677793,0.00102560503382,0.0065822951602991,-0.0334125998325957,
30.69999999997208,32.81830169078503,-0.1361696236405763,0.0068011779211299,-0.0375522801932184,
30.799999999971988,32.81688830837339,-0.1082902451383475,0.0072420287822582,-0.028561017873237,
30.899999999971897,32.80554533391757,-0.0868268058410317,0.0083584864427267,0.0164212471780418,
30.99999999997181,32.795008908692054,-0.128291776500405,0.0094749441031951,0.0290943094196399,
31.099999999971715,32.8012041910253,-0.0136691770022689,0.0101016394517747,0.0387484215967539,
31.199999999971624,32.8042599718696,0.0215459356867565,0.0105656565749602,0.0427248261622734,
31.299999999971533,32.81569347812686,0.0742658533865114,0.0108847502747585,0.042508419806425,
31.39999999997144,32.82058925614547,0.0779424679336884,0.0107798856205036,0.0343745072615649,
31.49999999997135,32.828534313669,0.0684323665405193,0.0106750209662487,0.0388115819958,
31.59999999997126,32.83456725676114,0.0400199021785016,0.0109208691825292,0.0286285842567681,
31.69999999997117,32.83915802543789,0.0435258110013128,0.0112857358999668,0.0288117877974777,
31.79999999997108,32.82964590157584,-0.0352833158795258,0.0116724867831503,0.0317803776481076,
31.899999999970987,32.82774594502528,-0.0577327449291589,0.0121264473531575,0.0251275176913189,
31.999999999970896,32.83852183117302,0.0939934650282838,0.0125804079231648,-0.0416811419180096,
32.099999999970805,32.84347017753559,0.1130359765749045,0.0131083396876456,-0.047476174373651,
32.199999999970714,32.84721549420491,0.0668518004435101,0.0136600516776283,-0.0553997540333559,
32.29999999997062,32.85158373924213,0.0265252684170375,0.0142929755131652,-0.0451760448632836,
32.39999999997053,32.856841659398484,0.0753581587642608,0.0151643609706681,-0.025824960816031,
32.49999999997044,32.84598720394577,-0.0350803388418986,0.0160357464281709,-0.0160547966569374,
32.59999999997035,32.84023451839088,-0.064199461458661,0.0166554153152986,-0.0145450135265801,
32.69999999997026,32.845903734083144,0.0136911323909576,0.0171874846070774,-0.0232225462027065,
32.79999999997017,32.848646992217446,0.0503652892427529,0.0176654296096679,-0.0170667920589645,
32.89999999997008,32.84445601846915,-0.020576887645658,0.017989556479067,-0.018015113875529,
32.99999999996999,32.8620036234554,0.0893444753613898,0.0183136833484661,-0.1179841629956237,
33.099999999969896,32.8576374402072,0.009207584870753,0.0181622567634584,-0.1242577275876781,
33.199999999969805,32.85553138913826,-0.0300758938272712,0.0178572077344478,-0.1274182332794393,
33.299999999969714,32.85009418916061,-0.0852859515923171,0.0177047419177895,-0.1260337787181954,
33.39999999996962,32.85804554234299,0.00065380580636,0.018007035813995,-0.1281478775988281,
33.49999999996953,32.85561507938673,0.0037184919383196,0.0183093297102005,-0.121125213305398,
33.59999999996944,32.86013803434962,0.0239337914353654,0.018395658936922,-0.1283609472136091,
33.69999999996935,32.86033587151383,0.0285448207279743,0.0184084270471385,-0.1254155055751152,
33.79999999996926,32.864852542509574,0.0326018256234437,0.0183838596554544,-0.1292475213210222,
33.89999999996917,32.862771746973486,-0.0042144677615312,0.0182482500763582,-0.1358730885085021,
33.99999999996908,32.861979765631574,-0.0311988808536749,0.0181126404972621,-0.146166407048064,
34.099999999968986,32.8560784778483,-0.0494516656285299,0.0184347429434857,-0.144610225501851,
34.199999999968895,32.85531058357639,-0.0290530651903273,0.0189039620346289,-0.1280139899218527,
34.299999999968804,32.863855426464326,0.0713402614907687,0.0193706425928356,-0.103595141861388,
34.39999999996871,32.876367082003334,0.1171192453605084,0.0198297364754855,-0.1020952164279126,
34.49999999996862,32.88843412976151,0.1339888415174792,0.0202888303581354,-0.0893261920366017,
34.59999999996853,32.886315950816034,0.0236443487938461,0.0206133522066035,-0.0755286306682102,
34.69999999996844,32.89623854448783,0.0993499502162713,0.0208959323176792,-0.0655129774495059,
34.79999999996835,32.889263403568535,-0.0103791518898464,0.0211666444959543,-0.0354639733200289,
34.89999999996826,32.890854635096616,0.0109713248665272,0.0214031841091044,0.0055997904520433,
34.99999999996817,32.88479587465356,-0.0554165586376772,0.0216397237222545,0.0192853975183145,
35.09999999996808,32.89473742971458,0.0627879660712918,0.0215284479546799,0.0443626972893779,
35.199999999967986,32.885558580256344,-0.0311947515038895,0.0213026657838046,0.0682855080995127,
35.299999999967895,32.88521079383439,-0.0282520198276314,0.0210985013210181,0.0715474167683823,
35.399999999967804,32.87908909515414,-0.0422324613527751,0.0209549789864204,0.0765734402906373,
35.49999999996771,32.88647092679637,0.0233565708550356,0.0208114566518227,0.1350359519267221,
35.59999999996762,32.88188801538172,-0.04095412037421,0.0205438854638957,0.1372255197552076,
35.69999999996753,32.8917273231405,0.012445293108487,0.0202347942723144,0.1390947679595114,
35.79999999996744,32.89019378717884,0.0067691695324615,0.0198100614820793,0.135714096249174,
35.89999999996735,32.895565353702764,0.0381232201124974,0.0190565212215907,0.1253976741546384,
35.99999999996726,32.88916128439471,0.0081109681682187,0.018302980961102,0.114574482307764,
36.09999999996717,32.89155513664887,0.0223242755040652,0.0177699050957772,0.1073681596212964,
36.19999999996708,32.89130431444631,0.0173667663572464,0.0173078423490045,0.1029501362434548,
36.299999999966985,32.881858415455035,-0.0555415583746355,0.0168900185388957,0.1017348897930491,
36.399999999966894,32.88444463443916,0.0003983479766205,0.01660020127946,0.1021986994724913,
36.4999999999668,32.88938450879998,0.0221441471685843,0.0163103840200242,0.101132174615998,
36.59999999996671,32.892397102528385,0.0266846656359773,0.0161907925111695,0.0991631170576221,
36.69999999996662,32.894579967233426,0.0294105786541331,0.0161276130102452,0.0965089039487547,
36.79999999996653,32.89533136275685,0.0480691085713257,0.0161228180836986,0.0949198649322358,
36.89999999996644,32.888618747537784,-0.0207852782781864,0.016298468374361,0.0923341196145573,
36.99999999996635,32.893195112305705,0.0082234069459358,0.0164741186650233,0.0946219004769243,
37.09999999996626,32.89240882068821,-0.0015101677305161,0.0160426287923047,0.0843200500518737,
37.19999999996617,32.89531046263781,0.0101279166243758,0.0154236180824802,0.0726474819711985,
37.29999999996608,32.89145863115411,-0.0469486645408477,0.0148408566789531,0.0325905027926407,
37.39999999996599,32.89862779451627,0.0230860521482515,0.0143654462452824,-0.0470689466695712,
37.49999999996589,32.89273187844228,-0.021954676905121,0.0138900358116117,-0.0536654706277937,
37.5999999999658,32.89410365241037,-0.0154519612846495,0.0134814549267552,-0.057829114207602,
37.69999999996571,32.87925359145528,-0.1133895616980876,0.0130944528009451,-0.0582676454972444,
37.79999999996562,32.87461369571106,-0.0848127778862195,0.0129161784572252,-0.0614007462476003,
37.89999999996553,32.86038040225895,-0.1124994579441195,0.0133324569993292,-0.0590003808433671,
37.99999999996544,32.84992458341007,-0.1314362562839799,0.0137487355414333,-0.0446524225689523,
38.09999999996535,32.85375153830571,-0.0252002946432291,0.0140766743375693,-0.0187119714946445,
38.19999999996526,32.85982078292188,0.0307942337956759,0.0143766693182365,-0.0143045395844271,
38.299999999965166,32.862140414574625,0.0655131887249637,0.0146775150238821,-0.0174190837179947,
38.39999999996508,32.858359547416136,0.0169346382226376,0.0149808235733045,-0.0208384403894866,
38.49999999996498,32.85807898789309,0.0195526091810055,0.0152841321227268,-0.0142314068672555,
38.59999999996489,32.85328628447672,-0.0269558661892883,0.0152603653173415,-0.0031496514456239,
38.6999999999648,32.85121616679028,-0.0001776891655364,0.0151300652209615,-0.0077697019413056,
38.79999999996471,32.850188544220984,-0.0239206887504258,0.0149327017481235,-0.0164240517836854,
38.89999999996462,32.85753595829015,0.0420767135357112,0.014527327111137,-0.0187067963438388,
38.99999999996453,32.86118721931237,0.0411423303362762,0.0141219524741504,-0.0235674613523014,
39.09999999996444,32.87311978428828,0.1254993165649743,0.0140597722862561,-0.0238226914541459,
39.19999999996435,32.86775540929632,0.0172600151211119,0.014114701845058,-0.0211285849524297,
39.29999999996426,32.87167386500452,0.0247302534002674,0.0141663675314489,-0.0167041959569611,
39.399999999964166,32.86494149219723,-0.05516770364613,0.0142085128289206,-0.0178150034739871,
39.49999999996408,32.87055110061994,0.0084469279129499,0.0142506581263922,-0.0366180827602069,
39.599999999963984,32.85874534667948,-0.089442196449471,0.0144195044756651,-0.0309273978457405,
39.69999999996389,32.853834536268884,-0.0892542633905547,0.0146303760015789,-0.0251971356915535,
39.7999999999638,32.85379780221765,-0.0220011265333507,0.0146052403151359,-0.0261166589218474,
39.89999999996371,32.853314716835015,-0.0003075980338027,0.0138761645047856,-0.0284592281079377,
39.99999999996362,32.848035774338875,-0.0194193235600758,0.0131470886944354,-0.0290476004546577,
40.09999999996353,32.859445838482635,0.044169733716217,0.0125194159396693,-0.0358131197787268,
40.19999999996344,32.85908164961278,0.0224862476042381,0.0119250648994689,-0.0391072154758915,
40.29999999996335,32.852503020444296,-0.0539457722856356,0.0116739286298619,-0.0520866288309921,
40.399999999963256,32.842249814905706,-0.0902232898233778,0.0124045297429858,-0.0461962952976769,
40.499999999963165,32.84130553284512,-0.0602425575008864,0.0131351308561097,-0.0371633416358599,
40.59999999996308,32.841129343415446,0.0201268281675792,0.0138976600321535,-0.0082054358972153,
40.69999999996298,32.8357503890165,-0.0070863779501249,0.0146705948412719,-0.0106910274625398,
40.79999999996289,32.83568959297109,0.0118654709795855,0.0154170565948899,0.0055176260708418,
40.8999999999628,32.82791711062101,-0.0410078808314455,0.0160830937927104,0.0147116815102578,
40.99999999996271,32.8275768125314,-0.000710535963881,0.0167491309905309,0.0189685207353904,
41.09999999996262,32.82272143120027,-0.0391853969388679,0.0169785676741445,0.0204626899775589,
41.19999999996253,32.82072372504579,-0.0499974941496613,0.0170711043675638,0.0167229840291369,
41.29999999996244,32.81430723066915,-0.0855349397339279,0.0173127302916953,0.0133577076556975,
41.39999999996235,32.82214558955152,0.0146561368543395,0.0179978278690228,0.0123933066726694,
41.499999999962256,32.827605461565966,0.0619752001495013,0.0186829254463503,0.0345774374533164,
41.599999999962165,32.83195349659127,0.091055525735618,0.0194522725842304,0.0425496553597948,
41.69999999996208,32.82570659659582,-0.0160044495479129,0.0202477146903998,0.0544781057161182,
41.79999999996198,32.82923938179285,0.0033210889159779,0.0208350844355628,0.0648407882316065,
41.89999999996189,32.82096020627057,-0.0685824186993203,0.0207300751598486,0.0707214592823727,
41.9999999999618,32.823961659931925,-0.0162237455556633,0.0206250658841344,0.0745598900206577,
42.09999999996171,32.8289705720026,0.0437728782099522,0.0203312018298765,0.0540043287486735,
42.19999999996162,32.83532005720276,0.0617191762106423,0.0199757672083068,0.0596157863532751,
42.29999999996153,32.83049700541308,-0.0001336871649622,0.01953069235321,0.0663575802481945,
42.39999999996144,32.837856434140896,0.0288345650621474,0.0188256844109677,0.0698571732874087,
42.49999999996135,32.83620611662919,0.0080606791459526,0.0181206764687254,0.0714776916215242,
42.599999999961256,32.83817117443177,0.023085345147196,0.0183874953207688,0.0428367283054759,
42.699999999961165,32.85476652025226,0.1580757343147935,0.018967458500373,0.0232571789535195,
42.799999999961074,32.854645357554745,0.0008957771424552,0.0189365043926232,0.0227944850758618,
42.89999999996098,32.84245017425183,-0.0505974623288911,0.0171095863470185,0.0137328687880234,
42.99999999996089,32.82943446618618,-0.0856093117524061,0.0152826683014139,0.0067353418504692,
43.0999999999608,32.821474412532105,-0.0512684483198044,0.0142709283369289,-0.0130174390215256,
43.19999999996071,32.81210026023672,-0.0974090898388567,0.0135297664951626,-0.0199631485945083,
43.29999999996062,32.82165202852879,0.0033626108512419,0.0134607917172727,0.0022975028801525,
43.39999999996053,32.83500317020754,0.0862272435171835,0.0154785143870603,0.0069780362162283,
43.49999999996044,32.8352346522655,0.0226630982886619,0.017496237056848,0.0189780910450921,
43.599999999960346,32.8255840770002,-0.0622059474995428,0.0186718032520445,0.024707908681617,
43.699999999960255,32.82466790428303,-0.0365079867747253,0.0195758307222227,0.0609910643682456,
43.79999999996016,32.818123584729925,-0.0333957920791622,0.0202268793854901,0.0591393650560981,
43.89999999996007,32.816352492933696,-0.0334321363939183,0.0201876841586308,0.0427424903892286,
43.99999999995998,32.81491590914578,-0.0194187161125956,0.0201484889317715,0.0388321641421072,
44.09999999995989,32.82592993559292,0.0581445907766281,0.0205394885820033,0.0481941025941927,
44.1999999999598,32.81791200128502,-0.0397812727017873,0.0210709912451483,0.0811038985790737,
44.29999999995971,32.83399091928458,0.0601916476089497,0.0216341405768314,0.0789512161685757,
44.39999999995962,32.84774269002251,0.1535590265161992,0.0222903842070637,0.1018226223447448,
44.49999999995953,32.842229146308966,0.0031819536524452,0.022946627837296,0.1326875946077401,
44.59999999995944,32.84103414568941,-0.0185645409906573,0.0232274638701511,0.157467890995537,
44.69999999995935,32.83381920535757,-0.0227467462133251,0.0233879716043484,0.1873402804648105,
44.799999999959255,32.82649918331528,-0.0200692693113974,0.0233665665988469,0.1930738412266117,
44.89999999995917,32.82092892657388,-0.0608579208783042,0.022748137652236,0.1940422019003488,
44.99999999995907,32.837834728140976,0.0845172101736018,0.022129708705625,0.1807496291282924,
45.09999999995898,32.83883562925587,0.046312754801151,0.0218210837439437,0.1687928046914709,
45.19999999995889,32.84273091035879,0.0170890151096879,0.0216122882758116,0.1593762495059864,
45.2999999999588,32.84595040454007,-0.0023029493407716,0.0215831349129274,0.1559071525812639,
45.39999999995871,32.849573329475106,0.0259862200006588,0.0220914430823911,0.1684700828195045,
45.49999999995862,32.83636058250721,-0.0572845860582109,0.0225997512518548,0.1709513542189313,
45.59999999995853,32.85939406058721,0.1083564392945207,0.0222578654913845,0.1707224902560401,
45.69999999995844,32.87747404399731,0.1794860006233849,0.0216210112463653,0.0781572001765171,
45.799999999958345,32.87987795290263,0.0780521635603113,0.0209356927468141,0.0153888470988415,
45.899999999958254,32.878488539053855,-0.0165257875946441,0.0201028708014666,-0.0275043442715168,
45.99999999995816,32.88582245919701,0.033550322800901,0.019270048856119,-0.1043105655059995,
46.09999999995807,32.886085446145465,0.0733273965217232,0.0197702830104428,-0.101167180913742,
46.19999999995798,32.89509895190496,0.0626381510780763,0.0207075543944986,-0.0985936826424524,
46.29999999995789,32.92612428344867,0.2301999875960308,0.0217613765828902,-0.1174104867751009,
46.3999999999578,32.926170374421986,0.1336426884622027,0.0231736800942037,-0.2650235623932921,
46.49999999995771,32.92000927138892,0.0100096614921205,0.0245859836055171,-0.3060091879527575,
46.59999999995762,32.91088823879114,-0.095717096148002,0.0249541641449654,-0.2772910285562746,
46.69999999995753,32.90663660340112,-0.0592763147681091,0.0249686566109311,-0.2334949796404772,
46.79999999995744,32.88802397987324,-0.129067620668474,0.0249414606573932,-0.2086295729407151,
46.89999999995735,32.89131064431373,-0.0567719775965376,0.0247932874164666,-0.2090318336701891,
46.99999999995725,32.89926574157595,0.0156465353594516,0.0246451141755401,-0.1607635194303644,
47.09999999995716,32.9096403421273,0.0741017069625271,0.0243482050465346,-0.1454288031906288,
47.19999999995707,32.9072039188399,0.0041163965304302,0.0240034032026728,-0.0724284619749649,
47.29999999995698,32.92090557788013,0.0850435739256063,0.0237343002971632,-0.0547771412093412,
47.39999999995689,32.9201500502577,0.0588492455593935,0.0236904629227008,-0.0156993263453218,
47.4999999999568,32.916207716280425,-0.0174456417966982,0.0236466255482384,-0.0242288327602777,
47.59999999995671,32.926049036396726,0.0386110577884486,0.0234681376862308,0.0017672202513355,
47.69999999995662,32.933300763880105,0.0677438778156612,0.0232474151970167,0.0778843164728185,
47.799999999956526,32.93357583717984,0.0552211430303022,0.0228758706990279,0.0966564872907766,
47.89999999995644,32.93378029660798,-0.0130831206100239,0.0220527064356777,0.0868881956528422,
47.99999999995634,32.94323348955438,0.045409084557825,0.0212295421723276,0.0745673576131543,
48.09999999995625,32.940068464214114,0.031323449403023,0.0210645663780748,0.074102007693393,
48.19999999995616,32.92368134871412,-0.0733815798877926,0.0211176000231581,0.0667184232390657,
48.29999999995607,32.91807734305837,-0.0750731608089335,0.0212815928633719,0.0732825093006357,
48.39999999995598,32.93126024100017,0.0689047228648061,0.0217610684663956,0.0765258503256063,
48.49999999995589,32.92759160681929,-0.0064693027168061,0.0222405440694192,0.0794042468473974,
48.5999999999558,32.93985321097404,0.0373241428729796,0.0224943712821661,0.0741359431783762,
48.69999999995571,32.94181003347957,0.0134480875035728,0.0226753560750042,0.0679718265360151,
48.79999999995562,32.93782306800605,-0.0294276428739817,0.0227114362665103,0.118633487291028,
48.899999999955526,32.9331943941882,-0.0540169265423539,0.0223260961781767,0.1317023972066457,
48.99999999995544,32.94715170954801,0.0599370414263769,0.0219407560898431,0.1202822331334975,
49.099999999955344,32.935919086211655,-0.0051342886060795,0.0216900425171739,0.1106671126153557,
49.19999999995525,32.93162242509693,-0.0503299307284037,0.0214849505665711,0.1052003758173568,
49.29999999995516,32.94295114378354,0.0457056025302491,0.0212285686763326,0.1033643656633967,
49.39999999995507,32.941713011507176,0.0335988568360831,0.0208236448678363,0.0965065765867786,
49.49999999995498,32.93527942784501,-0.0179740130018944,0.02041872105934,0.067160800151586,
49.59999999995489,32.93448599243226,-0.0424688196309737,0.0206346757284994,0.0563826869480688,
49.6999999999548,32.951448519014875,0.1046524926646353,0.0210525607187644,0.0595447468070339,
49.79999999995471,32.94580899742493,0.0200007284858331,0.0214524667079631,0.0666112515112266,
49.899999999954616,32.946010582711345,-0.0216777779211502,0.0218007154454788,0.0748944916492574,
49.999999999954525,32.94824849002829,0.0119751003238072,0.0221489641829945,0.0802664166730944,
50.099999999954434,32.95875837799464,0.0866675575907653,0.0222892024309372,0.0407485259612689,
50.19999999995434,32.956757810886664,0.0125203085817935,0.0223612203187036,0.0227383805637158,
50.29999999995425,32.97141733871868,0.0515136441369798,0.0223695868980493,0.0265314678548347,
50.39999999995416,32.96765817968385,-0.0257153350541788,0.0221931674555875,0.0246329210775458,
50.49999999995407,32.961938720667106,-0.0622561039851024,0.0220167480131257,0.0215999698912343,
50.59999999995398,32.959778746118765,-0.0384559989880943,0.022235578228806,-0.0559323887154822,
50.69999999995389,32.97156621165612,0.0718782837207717,0.0225791238141194,-0.1070100074464464,
50.7999999999538,32.96529228315157,0.0264355513673988,0.0225254318241492,-0.1024914223239114,
50.89999999995371,32.95818915305144,-0.062715894151376,0.0212862577031116,-0.1084667095879064,
50.999999999953616,32.94974298444025,-0.0729032332613387,0.020047083582074,-0.1181087395631224,
51.099999999953525,32.95353060701077,0.0144543752258788,0.0189966565099341,-0.170549440860777,
51.19999999995344,32.951247058248434,0.0045468677568525,0.0180073960319741,-0.1747995392753912,
51.29999999995334,32.94769283792898,-0.0406641484280825,0.0173823955056619,-0.1768271692445593,
51.39999999995325,32.95762647437819,0.0565318101764271,0.0178163382375661,-0.1810314453631334,
51.49999999995316,32.954859720355785,0.0151234785250935,0.0182502809694702,-0.1601709893218423,
51.59999999995307,32.958012385600185,0.0315008831080596,0.0189081831672544,-0.1404008325302709,
51.69999999995298,32.95237079875444,-0.0145183287925995,0.0196446413285447,-0.0885397309580646,
51.79999999995289,32.947133549630024,-0.0524636355189072,0.0203314364482185,-0.0524757301596147,
51.8999999999528,32.937331129035655,-0.1043403628199257,0.0208537611964492,-0.0445140625024363,
51.99999999995271,32.94561244412608,-0.0011163049990438,0.0213760859446798,-0.0243762922317936,
52.099999999952615,32.94492890067515,0.010299250169131,0.0209426191442347,-0.0362285582650277,
52.19999999995253,32.940170604396535,-0.0530858992259108,0.020205868853326,-0.0405642906124235,
52.29999999995243,32.94042598881096,-0.0211052499561518,0.0193276524448047,0.0294708990525824,
52.39999999995234,32.94480437396951,0.0283851804399975,0.0180123868721479,0.0582243610477951,
52.49999999995225,32.93849757596249,0.0024123161409272,0.0166971212994911,0.0646284342645282,
52.59999999995216,32.93248197254238,-0.0344935871554735,0.0156882218274859,0.063838901739073,
52.69999999995207,32.93046718122377,-0.0124565716355053,0.0147812753723982,0.0450939606598869,
52.79999999995198,32.91036284782859,-0.1487090301600167,0.014470274516079,0.0305485697352259,
52.89999999995189,32.90908109091969,-0.0512684094053363,0.0159833912739891,0.0984296489626864,
52.9999999999518,32.90431350996369,-0.0400839785137677,0.0174965080318993,0.1035241539383586,
53.099999999951706,32.92262376106438,0.0896825913451564,0.0191615807763016,0.1248028095425378,
53.199999999951615,32.9263203480672,0.0341087080554392,0.020879190706166,0.1227386020592827,
53.29999999995152,32.9353389777505,0.0745095097084915,0.0224007316633366,0.1345620071729498,
53.39999999995143,32.91441222973021,-0.0683458433537146,0.0233327341591541,0.1442319031166057,
53.49999999995134,32.895659380678126,-0.1595302743664181,0.0242647366549716,0.1480353799635579,
53.59999999995125,32.88482987129944,-0.1379059284619858,0.0242812524958117,0.1458219489359329,
53.69999999995116,32.88563480494189,-0.0441808704320464,0.0239937647795759,0.1388817504318936,
53.79999999995107,32.8707153845751,-0.1058394662229329,0.0235756707942789,0.1190329312902226,
53.89999999995098,32.86376813606836,-0.1138155366792586,0.0227603611055479,0.10962981147935,
53.99999999995089,32.861752296624026,-0.0374671801588688,0.021945051416817,0.1045369706396143,
54.0999999999508,32.85692820611104,-0.045785762959296,0.0209511428526905,0.0979175741887559,
54.19999999995071,32.851077869937555,-0.0415605442699489,0.0198942121092846,0.0822026500774618,
54.29999999995061,32.846691797330784,-0.0313647408378109,0.0192710515230404,0.0694955101476272,
54.39999999995052,32.83554026502477,-0.0550362841090476,0.0199419212208627,0.0686413322860194,
54.49999999995043,32.815669499864455,-0.1887880738129155,0.0206127909186851,0.0837309516923158,
54.59999999995034,32.81665528106661,-0.0713247573119447,0.0214985768912088,0.0951886271254196,
54.69999999995025,32.81848825795791,-0.0003391771268343,0.0224499513330468,0.1019165576296883,
54.79999999995016,32.81743206690499,-0.031167235734773,0.0230888836461058,0.1094726270088714,
54.89999999995007,32.8133788345607,-0.062725949876987,0.0227587435328952,0.1074509971116495,
54.99999999994998,32.82011870178398,0.038070591680881,0.0224286034196845,0.0877142673924222,
55.09999999994989,32.80466049271283,-0.0619625511254956,0.0213280520819402,0.036455659334443,
55.1999999999498,32.80090857023189,-0.0756038511925491,0.0199758857338072,0.0315060947291615,
55.299999999949705,32.80551728779148,0.00513235908545,0.0189501163798925,0.0141526701657282,
55.399999999949614,32.8102498636155,0.0396228598753581,0.0188886450939317,-0.0002075485806145,
55.49999999994952,32.7928405277388,-0.1237716853432541,0.0188271738079709,-0.0085145839863996,
55.59999999994943,32.793903434260244,-0.070332446191811,0.01940338475111,-0.0045489249741556,
55.69999999994934,32.7859667477662,-0.029266939565923,0.0201866764603022,0.0005011482471574,
55.79999999994925,32.78188926803148,-0.0685011473668807,0.0209514058067518,-0.011849544682845,
55.89999999994916,32.78350304227734,0.0141077766063152,0.0216599820705667,-0.0331668912823015,
55.99999999994907,32.783039479855645,0.0451895795655714,0.0223685583343816,-0.0230208782579538,
56.09999999994898,32.77035247647666,-0.0456903756543411,0.0225469656371673,-0.0491174989942284,
56.199999999948886,32.76241818201403,-0.1367568418764269,0.0225480692400364,-0.0979831776205664,
56.2999999999488,32.77828174064406,0.084351617857247,0.0224712324078251,-0.0934336546994644,
56.399999999948704,32.75722393803072,-0.0841216072468175,0.0221538352913613,-0.1003533036733483,
56.49999999994861,32.74929472533938,-0.1371876797808495,0.0218364381748975,-0.1081035658285882,
56.59999999994852,32.750462785437485,-0.0434759689518957,0.0217983673876241,-0.1044050133372331,
56.69999999994843,32.753124325400215,0.0617608094531657,0.0218513885482614,-0.1046428638048015,
56.79999999994834,32.729376738727325,-0.1335018376023103,0.0217709829685733,-0.0801847830156601,
56.89999999994825,32.740399160286934,-0.0131756091646065,0.021280446865541,-0.0878430768412209,
56.99999999994816,32.72988595207541,-0.0368234092772342,0.0207899107625087,-0.0850820645797316,
57.09999999994807,32.71278794202981,-0.1358980336043314,0.0196099218060296,-0.0782473448647771,
57.19999999994798,32.7049112649119,-0.1321702547045407,0.0182080846198302,-0.0957844046942358,
57.299999999947886,32.716154349745466,0.034405482862656,0.0174640316601923,-0.0760884069691307,
57.3999999999478,32.71160109490774,0.0078381287134229,0.018685603975624,0.1687366464470238,
57.4999999999477,32.71909192720794,0.0154590797751635,0.0199071762910557,0.2043903209032289,
57.59999999994761,32.73359586694705,0.0985690520808442,0.0194460289695692,0.2198128162790998,
57.69999999994752,32.73503861608492,0.0642796092531466,0.0184321401079333,0.2194047041105604,
57.79999999994743,32.72255187217154,-0.1079762804582854,0.0174613012621362,0.2001537721697693,
57.89999999994734,32.734705103737426,0.0210786417389855,0.0166195445271098,0.1625850628617225,
57.99999999994725,32.72258682628639,-0.0425458326117344,0.0157777877920835,0.1464230742719617,
58.09999999994716,32.707268675786,-0.1156430436595828,0.0164021018358366,0.1610931885199575,
58.19999999994707,32.71725337181572,-0.0191358453776093,0.0175225839975291,0.1771018211350032,
58.29999999994698,32.73317896073387,0.1267104401772149,0.0185135367476848,0.135615566393242,
58.399999999946886,32.73815889551482,0.0938930022596775,0.0191236502306277,0.0374432004777592,
58.4999999999468,32.75728079376516,0.112774497370841,0.0197337637135705,0.0011611755138995,
58.599999999946704,32.759206531360675,0.0963226789001995,0.0199404557527057,0.0021125531289052,
58.69999999994661,32.73454053344453,-0.1086715680947275,0.0200191650366395,0.0022036850461851,
58.79999999994652,32.73013452421429,-0.0970549804042721,0.0200782776002784,-0.0120984991162656,
58.89999999994643,32.74326747854249,0.0676702886666496,0.0200762139743329,-0.0139356185126489,
58.99999999994634,32.74600099576981,0.079106608621708,0.0200741503483874,-0.0527204257111119,
59.09999999994625,32.73765485492798,-0.0607356532663567,0.0192186744116141,-0.0449749109923145,
59.19999999994616,32.75494299309904,0.0688884221753435,0.018097012108606,-0.0644686269234727,
59.29999999994607,32.751570957936686,0.066173735628535,0.016997614954529,-0.1133366116927468,
59.399999999945976,32.740074492957966,-0.0357628094739614,0.0159660852193057,-0.1481896021021226,
59.499999999945885,32.74251057753876,-0.0379266546965317,0.0149345554840823,-0.1657429740585158,
59.599999999945794,32.76123364411588,0.126741955624473,0.0143046409053847,-0.1849939721304234,
59.6999999999457,32.7423285427307,-0.0744205912174859,0.0138164281197155,-0.1914810160127432,
59.79999999994561,32.73069087995906,-0.1324035114775012,0.0133282153340463,-0.1827028467328591,
